{"cameraMode":{"drawMode":0,"name":"Shaded","section":"Shading Mode"},"sceneLighting":true,"audioPlay":false,"sceneViewState":{"m_AlwaysRefresh":false,"showFog":true,"showSkybox":true,"showFlares":true,"showImageEffects":true,"showParticleSystems":true,"showVisualEffectGraphs":true,"m_FxEnabled":true},"in2DMode":false,"pivot":{"x":0.33154726028442385,"y":0.02269768714904785,"z":-0.3089408874511719},"rotation":{"x":-0.07376021891832352,"y":0.9204791188240051,"z":-0.2124287337064743,"w":-0.31961190700531008},"size":4.094479084014893,"orthographic":false}