{"cameraMode":{"drawMode":0,"name":"Shaded","section":"Shading Mode"},"sceneLighting":true,"audioPlay":false,"sceneViewState":{"showFog":true,"showMaterialUpdate":false,"showSkybox":true,"showFlares":true,"showImageEffects":true,"showParticleSystems":true},"in2DMode":false,"pivot":{"x":0.033203125,"y":0.373779296875,"z":-0.16766357421875},"rotation":{"x":-0.259188711643219,"y":0.7225538492202759,"z":-0.3479732871055603,"w":-0.5381966233253479},"size":1.751423954963684,"orthographic":true}