{"cameraMode":{"drawMode":0,"name":"Shaded","section":"Shading Mode"},"sceneLighting":true,"audioPlay":false,"sceneViewState":{"showFog":true,"showMaterialUpdate":false,"showSkybox":true,"showFlares":true,"showImageEffects":true,"showParticleSystems":true},"in2DMode":false,"pivot":{"x":4.355111122131348,"y":0.7746068239212036,"z":-4.546766757965088},"rotation":{"x":-0.259188711643219,"y":0.7225538492202759,"z":-0.3479732871055603,"w":-0.5381966233253479},"size":1.6048387289047242,"orthographic":false}